sample,field,raw,key,n_acc,accs,risky,runs,x_cov,platform
SAMEA115703346,cultivar,F2,F2,1.0,PI 257506,True,10,275.4,ILLUMINA;OXFORD_NANOPORE;PACBIO_SMRT
SAMEA115703346,sample_title,F2,F2,1.0,PI 257506,True,10,275.4,ILLUMINA;OXFORD_NANOPORE;PACBIO_SMRT
SAMN06216672,sample_alias,F7,F7,1.0,PI 257507,True,5,233.3,ILLUMINA
SAMN06216672,sample_title,F7,F7,1.0,PI 257507,True,5,233.3,ILLUMINA
SAMN06216672,cultivar,F7,F7,1.0,PI 257507,True,5,233.3,ILLUMINA
SAMN15464442,sample_alias,764,764,1.0,PI 601374,True,2,82.6,BGISEQ;OXFORD_NANOPORE
SAMN15464442,cultivar,764,764,1.0,PI 601374,True,2,82.6,BGISEQ;OXFORD_NANOPORE
SAMN15464402,sample_alias,P39,P39,2.0,NSL 8585;PI 587133,False,2,81.3,BGISEQ;OXFORD_NANOPORE
SAMN15464402,cultivar,P39,P39,2.0,NSL 8585;PI 587133,False,2,81.3,BGISEQ;OXFORD_NANOPORE
SAMEA115703350,sample_alias,CO255,CO255,2.0,Ames 27050;PI 693359,False,4,80.1,PACBIO_SMRT
SAMEA115703350,sample_title,CO255,CO255,2.0,Ames 27050;PI 693359,False,4,80.1,PACBIO_SMRT
SAMEA115703350,cultivar,CO255,CO255,2.0,Ames 27050;PI 693359,False,4,80.1,PACBIO_SMRT
SAMN15464430,sample_alias,807,807,1.0,PI 601430,True,2,76.4,BGISEQ;OXFORD_NANOPORE
SAMN15464430,cultivar,807,807,1.0,PI 601430,True,2,76.4,BGISEQ;OXFORD_NANOPORE
SAMEA5313320,cultivar,P39,P39,2.0,NSL 8585;PI 587133,False,19,74.6,PACBIO_SMRT
SAMN01047772,sample_title,Krug Yellow Dent,KRUGYELLOWDENT,4.0,PI 213699;PI 213708;PI 213717;PI 233006,False,9,71.1,ILLUMINA
SAMN15464391,sample_alias,1127,1127,1.0,PI 271640,True,2,67.8,BGISEQ;OXFORD_NANOPORE
SAMN15464391,cultivar,1127,1127,1.0,PI 271640,True,2,67.8,BGISEQ;OXFORD_NANOPORE
SAMN15464458,cultivar,1538,1538,1.0,PI 601658,True,2,60.3,BGISEQ;OXFORD_NANOPORE
SAMN15464458,sample_alias,1538,1538,1.0,PI 601658,True,2,60.3,BGISEQ;OXFORD_NANOPORE
SAMN15464397,cultivar,F7,F7,1.0,PI 257507,True,2,59.0,BGISEQ;OXFORD_NANOPORE
SAMN15464397,sample_alias,F7,F7,1.0,PI 257507,True,2,59.0,BGISEQ;OXFORD_NANOPORE
SAMN15437931,isolate,1,1,1.0,Ames 13505,True,8,54.5,OXFORD_NANOPORE
SAMN15437930,isolate,1,1,1.0,Ames 13505,True,9,45.4,OXFORD_NANOPORE
SAMN27189591,cultivar,Zea mays L.,L,1.0,NSL 30863,True,1,44.7,ILLUMINA
SAMN03031318,cultivar,F7,F7,1.0,PI 257507,True,1,44.1,ILLUMINA
SAMN27189592,cultivar,Zea mays L.,L,1.0,NSL 30863,True,1,36.8,ILLUMINA
SAMN17014631,sample_alias,170_1,1701,1.0,PI 485465 CYMT,True,1,36.4,ILLUMINA
SAMN17014631,isolate,170_1,1701,1.0,PI 485465 CYMT,True,1,36.4,ILLUMINA
SAMN17188510,sample_alias,L,L,1.0,NSL 30863,True,1,32.0,ILLUMINA
SAMN17014628,sample_alias,169_7,1697,1.0,PI 485464 CYMT,True,1,31.4,ILLUMINA
SAMN17014628,isolate,169_7,1697,1.0,PI 485464 CYMT,True,1,31.4,ILLUMINA
SAMN06346881,sample_alias,S3,S3,1.0,PI 535901,True,1,29.7,ILLUMINA
SAMEA114622079,sample_title,Zapalote Chico,ZAPALOTECHICO,3.0,Ames 21975;PI 217413;PI 708179,False,2,29.6,PACBIO_SMRT
SAMEA114622079,cultivar,Zapalote Chico,ZAPALOTECHICO,3.0,Ames 21975;PI 217413;PI 708179,False,2,29.6,PACBIO_SMRT
SAMEA114622079,sample_alias,Zapalote Chico,ZAPALOTECHICO,3.0,Ames 21975;PI 217413;PI 708179,False,2,29.6,PACBIO_SMRT
SAMN44603453,isolate,1,1,1.0,Ames 13505,True,1,29.1,COMPLETE_GENOMICS
SAMN11370218,sample_title,S4,S4,1.0,Ames 23508,True,1,28.7,ILLUMINA
SAMN15464405,sample_alias,77,77,1.0,PI 520637,True,1,28.5,OXFORD_NANOPORE
SAMN15464405,cultivar,77,77,1.0,PI 520637,True,1,28.5,OXFORD_NANOPORE
SAMN11370222,sample_title,S8,S8,2.0,Ames 23509;PI 535912,True,1,27.5,ILLUMINA
SAMN23456816,sample_alias,1250,1250,1.0,PI 441932,True,1,26.5,BGISEQ
SAMN06346878,sample_alias,R2,R2,1.0,NSL 30865,True,1,24.9,ILLUMINA
SAMN36466323,sample_alias,647,647,1.0,PI 520731,True,1,24.5,DNBSEQ
SAMN24619880,cultivar,MT,MT,1.0,PI 483274,True,1,24.5,ILLUMINA
SAMN23456699,sample_alias,1127,1127,1.0,PI 271640,True,1,24.1,BGISEQ
SAMN23456820,sample_alias,1254,1254,1.0,Ames 19997,True,1,23.9,BGISEQ
SAMN11370216,sample_title,S2,S2,1.0,PI 535900,True,1,23.3,ILLUMINA
SAMN23456844,sample_alias,1280,1280,1.0,PI 271642,True,1,22.5,BGISEQ
SAMN23456693,sample_alias,1120,1120,1.0,PI 462368,True,1,22.5,BGISEQ
SAMN17014596,sample_alias,164_4,1644,1.0,Ames 16723,True,1,22.3,ILLUMINA
SAMN17014596,isolate,164_4,1644,1.0,Ames 16723,True,1,22.3,ILLUMINA
SAMN23456725,sample_alias,1155,1155,1.0,Ames 21883,True,1,22.0,BGISEQ
SAMN23456668,sample_alias,1095,1095,1.0,PI 486227,True,1,20.2,BGISEQ
SAMN23456842,sample_alias,1278,1278,1.0,PI 271641,True,1,20.0,BGISEQ
SAMN23456548,sample_alias,8,8,1.0,PI 520624,True,1,18.9,BGISEQ
SAMN23456549,sample_alias,9,9,1.0,PI 490407,True,1,18.1,BGISEQ
SAMN23456581,sample_alias,1004,1004,1.0,Ames 16446,True,1,18.1,BGISEQ
SAMN23456543,sample_alias,3,3,2.0,Ames 13507;PI 520623,True,1,17.9,BGISEQ
SAMN23456545,sample_alias,5,5,1.0,PI 357094,True,1,17.8,BGISEQ
SAMN11370391,cultivar,647,647,1.0,PI 520731,True,1,17.7,ILLUMINA
SAMN11370391,sample_alias,647,647,1.0,PI 520731,True,1,17.7,ILLUMINA
SAMN23456653,sample_alias,1080,1080,1.0,PI 271638,True,1,17.2,BGISEQ
SAMN23456533,sample_alias,13,13,3.0,PI 490409;PI 505500;PI 511771,True,1,17.2,BGISEQ
SAMN23456531,sample_alias,11,11,1.0,PI 490408,True,1,16.7,BGISEQ
SAMN23456626,sample_alias,1050,1050,1.0,Ames 21882,True,1,16.4,BGISEQ
SAMN23456544,sample_alias,4,4,1.0,PI 357093,True,1,16.3,BGISEQ
SAMN23456654,sample_alias,1081,1081,1.0,PI 271639,True,1,16.3,BGISEQ
SAMN23456538,sample_alias,18,18,2.0,PI 357095;PI 520625,True,1,16.2,BGISEQ
SAMN03031312,cultivar,F2,F2,1.0,PI 257506,True,1,16.2,ILLUMINA
SAMN23456536,sample_alias,16,16,1.0,PI 462374,True,1,15.8,BGISEQ
SAMN23456528,sample_alias,1,1,1.0,Ames 13505,True,1,15.7,BGISEQ
SAMN44603637,isolate,1,1,1.0,Ames 13505,True,1,15.6,COMPLETE_GENOMICS
SAMN23456540,sample_alias,2,2,1.0,Ames 13506,True,1,15.4,BGISEQ
SAMN23456534,sample_alias,14,14,1.0,PI 433649,True,1,14.8,BGISEQ
SAMN14255800,cultivar,N28,N28,2.0,Ames 19321;CSR 108,False,1,14.2,ILLUMINA
SAMN14255592,cultivar,911,911,1.0,PI 557556,True,1,12.0,ILLUMINA
SAMN17776969,isolate,1,1,1.0,Ames 13505,True,1,12.0,ILLUMINA
SAMN14255593,cultivar,912,912,1.0,PI 557557,True,1,11.9,ILLUMINA
SAMEA111405043,sample_title,T9,T9,1.0,PI 340819,True,1,11.7,ILLUMINA
SAMEA111404834,sample_title,80-2,802,1.0,PI 369437,True,1,10.8,ILLUMINA
SAMN14255545,cultivar,618,618,1.0,PI 520726,True,1,10.6,ILLUMINA
SAMEA111404900,sample_title,FE,FE,1.0,PI 692201,True,1,10.6,ILLUMINA
SAMN03281116,cultivar,F7,F7,1.0,PI 257507,True,1,10.5,ILLUMINA
SAMN03281116,sample_alias,F7,F7,1.0,PI 257507,True,1,10.5,ILLUMINA
SAMN41221300,isolate,S3,S3,1.0,PI 535901,True,1,10.2,ILLUMINA
SAMN41221300,sample_title,S3,S3,1.0,PI 535901,True,1,10.2,ILLUMINA
SAMN41221300,sample_alias,3,3,2.0,Ames 13507;PI 520623,True,1,10.2,ILLUMINA
SAMEA111404835,sample_title,904,904,1.0,PI 560317,True,1,10.0,ILLUMINA
SAMN09725909,ecotype,Reventador,REVENTADOR,2.0,Ames 17143;PI 708166,False,2,9.9,ILLUMINA
SAMEA111405034,sample_title,R30,R30,2.0,Ames 15917;NSL 30868,False,1,9.8,ILLUMINA
SAMEA111404833,sample_title,52220,52220,1.0,Ames 2336,True,1,9.4,ILLUMINA
SAMN17777007,isolate,1,1,1.0,Ames 13505,True,1,9.4,ILLUMINA
SAMEA111405044,sample_title,TR,TR,1.0,Ames 26022,True,1,9.4,ILLUMINA
SAMN44075449,cultivar,790,790,1.0,PI 601491,True,1,9.2,ILLUMINA
SAMN17614706,isolate,2,2,1.0,Ames 13506,True,1,9.1,ILLUMINA
SAMN17614701,isolate,2,2,1.0,Ames 13506,True,1,9.0,ILLUMINA
SAMN09725910,ecotype,Reventador,REVENTADOR,2.0,Ames 17143;PI 708166,False,2,9.0,ILLUMINA
SAMN17776996,isolate,1,1,1.0,Ames 13505,True,1,8.9,ILLUMINA
SAMN17776984,isolate,1,1,1.0,Ames 13505,True,1,8.6,ILLUMINA
SAMN17776923,isolate,1,1,1.0,Ames 13505,True,1,8.6,ILLUMINA
SAMN46080368,sample_title,19-13,1913,1.0,PI 274011,True,1,8.4,ILLUMINA
SAMN46080368,isolate,19-13,1913,1.0,PI 274011,True,1,8.4,ILLUMINA
SAMN17776952,isolate,1,1,1.0,Ames 13505,True,1,8.3,ILLUMINA
SAMN31532410,isolate,1,1,1.0,Ames 13505,True,1,8.3,ILLUMINA
SAMN09622452,isolate,C3,C3,1.0,Ames 26812,True,1,8.2,ILLUMINA
SAMN09622452,sample_alias,C3,C3,1.0,Ames 26812,True,1,8.2,ILLUMINA
SAMN41221313,sample_alias,16,16,1.0,PI 462374,True,1,8.2,ILLUMINA
SAMN31532395,isolate,4,4,1.0,PI 357093,True,1,8.1,ILLUMINA
SAMN31532470,isolate,4,4,1.0,PI 357093,True,1,8.1,ILLUMINA
SAMN41221346,sample_alias,49,49,1.0,PI 462112,True,1,8.1,ILLUMINA
SAMN17776932,isolate,1,1,1.0,Ames 13505,True,1,8.1,ILLUMINA
SAMN17614731,isolate,1,1,1.0,Ames 13505,True,1,8.0,ILLUMINA
SAMN31532442,isolate,1,1,1.0,Ames 13505,True,1,8.0,ILLUMINA
SAMN17776949,isolate,1,1,1.0,Ames 13505,True,1,7.9,ILLUMINA
SAMN17614566,isolate,1,1,1.0,Ames 13505,True,1,7.9,ILLUMINA
SAMN44603603,isolate,1,1,1.0,Ames 13505,True,1,7.9,COMPLETE_GENOMICS
SAMN31532394,isolate,4,4,1.0,PI 357093,True,1,7.8,ILLUMINA
SAMN31532549,isolate,3,3,2.0,Ames 13507;PI 520623,True,1,7.8,ILLUMINA
SAMN09622460,sample_alias,C38,C38,2.0,Ames 22021;Ames 23506,False,1,7.7,ILLUMINA
SAMN09622460,isolate,C38,C38,2.0,Ames 22021;Ames 23506,False,1,7.7,ILLUMINA
SAMN31532431,isolate,4,4,1.0,PI 357093,True,1,7.6,ILLUMINA
SAMN17614708,isolate,2,2,1.0,Ames 13506,True,1,7.6,ILLUMINA
SAMN44603398,isolate,1,1,1.0,Ames 13505,True,1,7.6,COMPLETE_GENOMICS
SAMN17614676,isolate,2,2,1.0,Ames 13506,True,1,7.5,ILLUMINA
SAMN41221315,sample_alias,18,18,2.0,PI 357095;PI 520625,True,1,7.5,ILLUMINA
SAMN31532405,isolate,1,1,1.0,Ames 13505,True,1,7.4,ILLUMINA
SAMN17776922,isolate,1,1,1.0,Ames 13505,True,1,7.4,ILLUMINA
SAMN17614597,isolate,1,1,1.0,Ames 13505,True,1,7.4,ILLUMINA
SAMN31532429,isolate,3,3,2.0,Ames 13507;PI 520623,True,1,7.3,ILLUMINA
SAMN46080029,sample_title,10-6,106,1.0,PI 520641,True,1,7.2,ILLUMINA
SAMN31532451,isolate,4,4,1.0,PI 357093,True,1,7.2,ILLUMINA
SAMN09725908,ecotype,Reventador,REVENTADOR,2.0,Ames 17143;PI 708166,False,2,7.2,ILLUMINA
SAMN46080029,isolate,10-6,106,1.0,PI 520641,True,1,7.2,ILLUMINA
SAMN41221306,sample_alias,9,9,1.0,PI 490407,True,1,7.2,ILLUMINA
SAMN44603546,isolate,1,1,1.0,Ames 13505,True,1,7.2,COMPLETE_GENOMICS
SAMN31532461,isolate,4,4,1.0,PI 357093,True,1,7.1,ILLUMINA
SAMN31532387,isolate,1,1,1.0,Ames 13505,True,1,7.1,ILLUMINA
SAMN17614660,isolate,2,2,1.0,Ames 13506,True,1,7.1,ILLUMINA
SAMN17776970,isolate,1,1,1.0,Ames 13505,True,1,7.1,ILLUMINA
SAMN31532402,isolate,3,3,2.0,Ames 13507;PI 520623,True,1,7.0,ILLUMINA
SAMN31532420,isolate,3,3,2.0,Ames 13507;PI 520623,True,1,7.0,ILLUMINA
SAMN17614684,isolate,2,2,1.0,Ames 13506,True,1,7.0,ILLUMINA
SAMN41221434,sample_alias,137,137,1.0,PI 511784,True,1,7.0,ILLUMINA
SAMN44603602,isolate,1,1,1.0,Ames 13505,True,1,6.9,COMPLETE_GENOMICS
SAMN44603413,isolate,1,1,1.0,Ames 13505,True,1,6.9,COMPLETE_GENOMICS
SAMN17614724,isolate,2,2,1.0,Ames 13506,True,1,6.9,ILLUMINA
SAMN31532445,isolate,3,3,2.0,Ames 13507;PI 520623,True,1,6.9,ILLUMINA
SAMN14114078,cultivar,Gaspe,GASPE,2.0,PI 340833;PI 340834,False,1,6.9,ILLUMINA
SAMN41221301,sample_alias,4,4,1.0,PI 357093,True,1,6.8,ILLUMINA
SAMN14256003,cultivar,488,488,1.0,PI 520704,True,1,6.8,ILLUMINA
SAMN41221363,sample_alias,66,66,1.0,Ames 26770,True,1,6.8,ILLUMINA
SAMN46080412,sample_title,19-86,1986,1.0,PI 186217,True,1,6.8,ILLUMINA
SAMN41221301,sample_title,S4,S4,1.0,Ames 23508,True,1,6.8,ILLUMINA
SAMN46080364,isolate,19-9,199,1.0,PI 520656,True,1,6.8,ILLUMINA
SAMN14256002,cultivar,488,488,1.0,PI 520704,True,1,6.8,ILLUMINA
SAMN41221301,isolate,S4,S4,1.0,Ames 23508,True,1,6.8,ILLUMINA
SAMN46080412,isolate,19-86,1986,1.0,PI 186217,True,1,6.8,ILLUMINA
SAMN46080364,sample_title,19-9,199,1.0,PI 520656,True,1,6.8,ILLUMINA
SAMN09725907,ecotype,Reventador,REVENTADOR,2.0,Ames 17143;PI 708166,False,2,6.7,ILLUMINA
SAMN14256143,cultivar,904,904,1.0,PI 560317,True,1,6.7,ILLUMINA
SAMN17614707,isolate,2,2,1.0,Ames 13506,True,1,6.7,ILLUMINA
SAMN09622470,sample_alias,C5,C5,1.0,Ames 26813,True,1,6.7,ILLUMINA
SAMN09622470,isolate,C5,C5,1.0,Ames 26813,True,1,6.7,ILLUMINA
SAMN41221372,sample_alias,75,75,1.0,PI 357107,True,1,6.7,ILLUMINA
SAMN46080066,sample_title,10-50,1050,1.0,Ames 21882,True,1,6.6,ILLUMINA
SAMN41221338,sample_alias,41,41,2.0,PI 186195;PI 420951,True,1,6.6,ILLUMINA
SAMN44603533,isolate,1,1,1.0,Ames 13505,True,1,6.6,COMPLETE_GENOMICS
SAMN46080066,isolate,10-50,1050,1.0,Ames 21882,True,1,6.6,ILLUMINA
SAMN44603483,isolate,1,1,1.0,Ames 13505,True,1,6.6,COMPLETE_GENOMICS
SAMN44075443,cultivar,2369,2369,1.0,PI 601559,True,1,6.6,ILLUMINA
SAMN14256144,cultivar,904,904,1.0,PI 560317,True,1,6.6,ILLUMINA
SAMN14256032,cultivar,787,787,1.0,PI 601490,True,1,6.6,ILLUMINA
SAMN31532407,isolate,2,2,1.0,Ames 13506,True,1,6.5,ILLUMINA
SAMN14256033,cultivar,787,787,1.0,PI 601490,True,1,6.5,ILLUMINA
SAMN41221305,isolate,S8,S8,2.0,Ames 23509;PI 535912,True,1,6.3,ILLUMINA
SAMN41221305,sample_title,S8,S8,2.0,Ames 23509;PI 535912,True,1,6.3,ILLUMINA
SAMN41221310,sample_alias,13,13,3.0,PI 490409;PI 505500;PI 511771,True,1,6.3,ILLUMINA
SAMN41221406,sample_alias,109,109,1.0,PI 186196,True,1,6.3,ILLUMINA
SAMN41221305,sample_alias,8,8,1.0,PI 520624,True,1,6.3,ILLUMINA
SAMN41221326,sample_alias,29,29,1.0,PI 520628,True,1,6.3,ILLUMINA
SAMN41221325,sample_alias,28,28,2.0,PI 357097;PI 520627,True,1,6.2,ILLUMINA
SAMN46080106,sample_title,10-95,1095,1.0,PI 486227,True,1,6.2,ILLUMINA
SAMN46080106,isolate,10-95,1095,1.0,PI 486227,True,1,6.2,ILLUMINA
SAMN31532377,isolate,3,3,2.0,Ames 13507;PI 520623,True,1,6.2,ILLUMINA
SAMN17614644,isolate,2,2,1.0,Ames 13506,True,1,6.1,ILLUMINA
SAMN41221327,sample_alias,30,30,1.0,PI 583343,True,1,6.1,ILLUMINA
SAMN17614651,isolate,2,2,1.0,Ames 13506,True,1,6.1,ILLUMINA
SAMN17614565,isolate,1,1,1.0,Ames 13505,True,1,6.1,ILLUMINA
SAMN44603415,isolate,1,1,1.0,Ames 13505,True,1,6.1,COMPLETE_GENOMICS
SAMN41221361,sample_alias,64,64,1.0,PI 186198,True,1,6.0,ILLUMINA
SAMN41221427,sample_alias,130,130,1.0,PI 511776,True,1,6.0,ILLUMINA
SAMN44603466,isolate,1,1,1.0,Ames 13505,True,1,6.0,COMPLETE_GENOMICS
SAMN09725906,ecotype,Reventador,REVENTADOR,2.0,Ames 17143;PI 708166,False,2,6.0,ILLUMINA
SAMN41221430,sample_alias,133,133,1.0,PI 511779,True,1,6.0,ILLUMINA
SAMN31532380,isolate,1,1,1.0,Ames 13505,True,1,5.9,ILLUMINA
SAMN41221425,sample_alias,128,128,1.0,PI 511774,True,1,5.9,ILLUMINA
SAMN17614585,isolate,1,1,1.0,Ames 13505,True,1,5.9,ILLUMINA
SAMN41221302,sample_alias,5,5,1.0,PI 357094,True,1,5.9,ILLUMINA
SAMN46080363,isolate,19-8,198,1.0,PI 520655,True,1,5.9,ILLUMINA
SAMN31532403,isolate,1,1,1.0,Ames 13505,True,1,5.9,ILLUMINA
SAMN17614713,isolate,2,2,1.0,Ames 13506,True,1,5.9,ILLUMINA
SAMN44603531,isolate,1,1,1.0,Ames 13505,True,1,5.9,COMPLETE_GENOMICS
SAMN44603537,isolate,1,1,1.0,Ames 13505,True,1,5.9,COMPLETE_GENOMICS
SAMN41221397,sample_alias,100,100,2.0,PI 186197;PI 486221,True,1,5.9,ILLUMINA
SAMN41221356,sample_alias,59,59,1.0,PI 520635,True,1,5.9,ILLUMINA
SAMN46080363,sample_title,19-8,198,1.0,PI 520655,True,1,5.9,ILLUMINA
SAMN41221417,sample_alias,120,120,1.0,PI 590498,True,1,5.9,ILLUMINA
SAMN41221416,sample_alias,119,119,1.0,PI 590497,True,1,5.9,ILLUMINA
SAMN41221365,sample_alias,68,68,1.0,PI 702820,True,1,5.8,ILLUMINA
SAMN41221369,sample_alias,72,72,1.0,PI 357104,True,1,5.8,ILLUMINA
SAMN44603392,isolate,1,1,1.0,Ames 13505,True,1,5.8,COMPLETE_GENOMICS
SAMN41221298,sample_alias,1,1,1.0,Ames 13505,True,1,5.8,ILLUMINA
SAMN31532287,isolate,3,3,2.0,Ames 13507;PI 520623,True,1,5.8,ILLUMINA
SAMN41221386,sample_alias,89,89,1.0,PI 520640,True,1,5.8,ILLUMINA
SAMN41221442,sample_alias,145,145,1.0,PI 520650,True,1,5.8,ILLUMINA
SAMN17777002,isolate,1,1,1.0,Ames 13505,True,1,5.8,ILLUMINA
SAMN44603436,isolate,1,1,1.0,Ames 13505,True,1,5.8,COMPLETE_GENOMICS
SAMN41221359,sample_alias,62,62,1.0,PI 520636,True,1,5.7,ILLUMINA
SAMN41221431,sample_alias,134,134,2.0,PI 462115;PI 520646,True,1,5.7,ILLUMINA
SAMN44603617,isolate,1,1,1.0,Ames 13505,True,1,5.7,COMPLETE_GENOMICS
SAMN31532509,isolate,4,4,1.0,PI 357093,True,1,5.6,ILLUMINA
SAMN44603594,isolate,1,1,1.0,Ames 13505,True,1,5.6,COMPLETE_GENOMICS
SAMN44603421,isolate,1,1,1.0,Ames 13505,True,1,5.6,COMPLETE_GENOMICS
SAMN41221457,sample_alias,160,160,1.0,PI 520651,True,1,5.6,ILLUMINA
SAMN41221347,sample_alias,50,50,2.0,PI 357101;PI 520633,True,1,5.6,ILLUMINA
SAMN44603625,isolate,1,1,1.0,Ames 13505,True,1,5.6,COMPLETE_GENOMICS
SAMN44603412,isolate,1,1,1.0,Ames 13505,True,1,5.6,COMPLETE_GENOMICS
SAMN31532513,isolate,4,4,1.0,PI 357093,True,1,5.6,ILLUMINA
SAMN41221423,sample_alias,126,126,1.0,PI 511772,True,1,5.6,ILLUMINA
SAMN17614582,isolate,1,1,1.0,Ames 13505,True,1,5.6,ILLUMINA
SAMN41221374,sample_alias,77,77,1.0,PI 520637,True,1,5.6,ILLUMINA
SAMN41221343,sample_alias,46,46,2.0,PI 186225;PI 520632,True,1,5.6,ILLUMINA
SAMN44603433,isolate,1,1,1.0,Ames 13505,True,1,5.6,COMPLETE_GENOMICS
SAMN17776946,isolate,1,1,1.0,Ames 13505,True,1,5.6,ILLUMINA
SAMN31532446,isolate,4,4,1.0,PI 357093,True,1,5.5,ILLUMINA
SAMN17614624,isolate,2,2,1.0,Ames 13506,True,1,5.5,ILLUMINA
SAMN44603486,isolate,1,1,1.0,Ames 13505,True,1,5.5,COMPLETE_GENOMICS
SAMN17614668,isolate,2,2,1.0,Ames 13506,True,1,5.5,ILLUMINA
SAMN41221332,sample_alias,35,35,1.0,PI 520629,True,1,5.5,ILLUMINA
SAMN44603426,isolate,1,1,1.0,Ames 13505,True,1,5.5,COMPLETE_GENOMICS
SAMN44603626,isolate,1,1,1.0,Ames 13505,True,1,5.5,COMPLETE_GENOMICS
SAMN44603555,isolate,1,1,1.0,Ames 13505,True,1,5.5,COMPLETE_GENOMICS
SAMN44603595,isolate,1,1,1.0,Ames 13505,True,1,5.5,COMPLETE_GENOMICS
SAMN17614673,isolate,2,2,1.0,Ames 13506,True,1,5.5,ILLUMINA
SAMN44603354,isolate,1,1,1.0,Ames 13505,True,1,5.5,COMPLETE_GENOMICS
SAMN17614574,isolate,1,1,1.0,Ames 13505,True,1,5.5,ILLUMINA
SAMN14255803,cultivar,CM37,CM37,2.0,Ames 20190;Ames 35264,False,1,5.5,ILLUMINA
SAMN14255899,cultivar,B8,B8,1.0,NSL 65864,True,1,5.5,ILLUMINA
SAMN17614669,isolate,2,2,1.0,Ames 13506,True,1,5.5,ILLUMINA
SAMN17614594,isolate,1,1,1.0,Ames 13505,True,1,5.5,ILLUMINA
SAMN17614589,isolate,1,1,1.0,Ames 13505,True,1,5.5,ILLUMINA
SAMN44603437,isolate,1,1,1.0,Ames 13505,True,1,5.5,COMPLETE_GENOMICS
SAMN44603520,isolate,1,1,1.0,Ames 13505,True,1,5.4,COMPLETE_GENOMICS
SAMN17614709,isolate,2,2,1.0,Ames 13506,True,1,5.4,ILLUMINA
SAMN41221413,sample_alias,116,116,1.0,PI 520642,True,1,5.4,ILLUMINA
SAMN41221403,sample_alias,106,106,1.0,PI 520641,True,1,5.4,ILLUMINA
SAMN17614573,isolate,1,1,1.0,Ames 13505,True,1,5.4,ILLUMINA
SAMN46080092,sample_title,10-81,1081,1.0,PI 271639,True,1,5.4,ILLUMINA
SAMN31532462,isolate,4,4,1.0,PI 357093,True,1,5.4,ILLUMINA
SAMN14255804,cultivar,CM37,CM37,2.0,Ames 20190;Ames 35264,False,1,5.4,ILLUMINA
SAMN44603525,isolate,1,1,1.0,Ames 13505,True,1,5.4,COMPLETE_GENOMICS
SAMN14255900,cultivar,B8,B8,1.0,NSL 65864,True,1,5.4,ILLUMINA
SAMN41221438,sample_alias,141,141,1.0,PI 186199,True,1,5.4,ILLUMINA
SAMN41221349,sample_alias,52,52,2.0,PI 357103;PI 520634,True,1,5.4,ILLUMINA
SAMN46080092,isolate,10-81,1081,1.0,PI 271639,True,1,5.4,ILLUMINA
SAMN41221419,sample_alias,122,122,2.0,PI 186200;PI 520644,True,1,5.4,ILLUMINA
SAMN44075544,cultivar,N6,N6,1.0,PI 693372,True,1,5.4,ILLUMINA
SAMN14255901,cultivar,B8,B8,1.0,NSL 65864,True,1,5.4,ILLUMINA
SAMN41221428,sample_alias,131,131,2.0,PI 511777;PI 590499,True,1,5.3,ILLUMINA
SAMN31532505,isolate,4,4,1.0,PI 357093,True,1,5.3,ILLUMINA
SAMN17776960,isolate,1,1,1.0,Ames 13505,True,1,5.3,ILLUMINA
SAMN44603569,isolate,1,1,1.0,Ames 13505,True,1,5.3,COMPLETE_GENOMICS
SAMN17614714,isolate,2,2,1.0,Ames 13506,True,1,5.3,ILLUMINA
SAMN41221424,sample_alias,127,127,1.0,PI 511773,True,1,5.3,ILLUMINA
SAMN44603464,isolate,1,1,1.0,Ames 13505,True,1,5.3,COMPLETE_GENOMICS
SAMN44603501,isolate,1,1,1.0,Ames 13505,True,1,5.3,COMPLETE_GENOMICS
SAMN17614661,isolate,2,2,1.0,Ames 13506,True,1,5.3,ILLUMINA
SAMN41221426,sample_alias,129,129,1.0,PI 511775,True,1,5.3,ILLUMINA
SAMN41221473,sample_alias,176,176,1.0,PI 233313,True,1,5.3,ILLUMINA
SAMN44603374,isolate,1,1,1.0,Ames 13505,True,1,5.3,COMPLETE_GENOMICS
SAMN41221452,sample_alias,155,155,1.0,PI 462116,True,1,5.3,ILLUMINA
SAMN44603571,isolate,1,1,1.0,Ames 13505,True,1,5.3,COMPLETE_GENOMICS
SAMN17614602,isolate,1,1,1.0,Ames 13505,True,1,5.3,ILLUMINA
SAMN41221429,sample_alias,132,132,1.0,PI 511778,True,1,5.3,ILLUMINA
SAMN44603406,isolate,1,1,1.0,Ames 13505,True,1,5.3,COMPLETE_GENOMICS
SAMN44603408,isolate,1,1,1.0,Ames 13505,True,1,5.2,COMPLETE_GENOMICS
SAMN41221433,sample_alias,136,136,2.0,PI 511783;PI 520648,True,1,5.2,ILLUMINA
SAMN44603461,isolate,1,1,1.0,Ames 13505,True,1,5.2,COMPLETE_GENOMICS
SAMN44603610,isolate,1,1,1.0,Ames 13505,True,1,5.2,COMPLETE_GENOMICS
SAMN44603554,isolate,1,1,1.0,Ames 13505,True,1,5.2,COMPLETE_GENOMICS
SAMN41221370,sample_alias,73,73,1.0,PI 357105,True,1,5.2,ILLUMINA
SAMN44603640,isolate,1,1,1.0,Ames 13505,True,1,5.2,COMPLETE_GENOMICS
SAMN44603618,isolate,1,1,1.0,Ames 13505,True,1,5.2,COMPLETE_GENOMICS
SAMN44603601,isolate,1,1,1.0,Ames 13505,True,1,5.2,COMPLETE_GENOMICS
SAMN41221371,sample_alias,74,74,1.0,PI 357106,True,1,5.2,ILLUMINA
SAMN41221299,sample_alias,2,2,1.0,Ames 13506,True,1,5.2,ILLUMINA
SAMN31532539,isolate,4,4,1.0,PI 357093,True,1,5.2,ILLUMINA
SAMN41221299,isolate,S2,S2,1.0,PI 535900,True,1,5.2,ILLUMINA
SAMN41221468,sample_alias,171,171,1.0,PI 520652,True,1,5.2,ILLUMINA
SAMN41221441,sample_alias,144,144,1.0,PI 520649,True,1,5.2,ILLUMINA
SAMN14255805,cultivar,CM37,CM37,2.0,Ames 20190;Ames 35264,False,1,5.2,ILLUMINA
SAMN31532292,isolate,3,3,2.0,Ames 13507;PI 520623,True,1,5.2,ILLUMINA
SAMN17614677,isolate,2,2,1.0,Ames 13506,True,1,5.2,ILLUMINA
SAMN41221432,sample_alias,135,135,2.0,PI 511782;PI 520647,True,1,5.2,ILLUMINA
SAMN31532396,isolate,4,4,1.0,PI 357093,True,1,5.2,ILLUMINA
SAMN41221373,sample_alias,76,76,1.0,PI 357108,True,1,5.2,ILLUMINA
SAMN17614645,isolate,2,2,1.0,Ames 13506,True,1,5.2,ILLUMINA
SAMN41221381,sample_alias,84,84,1.0,PI 520638,True,1,5.2,ILLUMINA
SAMN41221308,sample_alias,11,11,1.0,PI 490408,True,1,5.2,ILLUMINA
SAMN14255843,cultivar,A6,A6,1.0,PI 693350,True,1,5.2,ILLUMINA
SAMN41221299,sample_title,S2,S2,1.0,PI 535900,True,1,5.2,ILLUMINA
SAMN14255844,cultivar,A6,A6,1.0,PI 693350,True,1,5.2,ILLUMINA
SAMN31532316,isolate,3,3,2.0,Ames 13507;PI 520623,True,1,5.1,ILLUMINA
SAMN31532370,isolate,3,3,2.0,Ames 13507;PI 520623,True,1,5.1,ILLUMINA
SAMN31532386,isolate,3,3,2.0,Ames 13507;PI 520623,True,1,5.1,ILLUMINA
SAMN14255853,cultivar,N6,N6,1.0,PI 693372,True,1,5.1,ILLUMINA
SAMN41221335,sample_alias,38,38,1.0,PI 520630,True,1,5.1,ILLUMINA
SAMN14255842,cultivar,A6,A6,1.0,PI 693350,True,1,5.1,ILLUMINA
SAMN31532525,isolate,4,4,1.0,PI 357093,True,1,5.1,ILLUMINA
SAMN17614603,isolate,2,2,1.0,Ames 13506,True,1,5.1,ILLUMINA
SAMN44603639,isolate,1,1,1.0,Ames 13505,True,1,5.1,COMPLETE_GENOMICS
SAMN31532524,isolate,2,2,1.0,Ames 13506,True,1,5.1,ILLUMINA
SAMN14255852,cultivar,N6,N6,1.0,PI 693372,True,1,5.1,ILLUMINA
SAMN44603366,isolate,1,1,1.0,Ames 13505,True,1,5.1,COMPLETE_GENOMICS
SAMN44603544,isolate,1,1,1.0,Ames 13505,True,1,5.1,COMPLETE_GENOMICS
SAMN14255846,cultivar,CM7,CM7,2.0,Ames 27070;Ames 35263,False,1,5.0,ILLUMINA
SAMN14255840,cultivar,H5,H5,1.0,PI 698952,True,1,5.0,ILLUMINA
SAMN14255839,cultivar,H5,H5,1.0,PI 698952,True,1,5.0,ILLUMINA
SAMN14114076,cultivar,Gaspe,GASPE,2.0,PI 340833;PI 340834,False,1,5.0,ILLUMINA
SAMN14255847,cultivar,CM7,CM7,2.0,Ames 27070;Ames 35263,False,1,5.0,ILLUMINA
SAMN14255851,cultivar,N6,N6,1.0,PI 693372,True,1,5.0,ILLUMINA
SAMN31532454,isolate,4,4,1.0,PI 357093,True,1,5.0,ILLUMINA
SAMN17614592,isolate,1,1,1.0,Ames 13505,True,1,5.0,ILLUMINA
SAMN44603570,isolate,1,1,1.0,Ames 13505,True,1,5.0,COMPLETE_GENOMICS
SAMN44603579,isolate,1,1,1.0,Ames 13505,True,1,5.0,COMPLETE_GENOMICS
SAMN17776992,isolate,1,1,1.0,Ames 13505,True,1,5.0,ILLUMINA
SAMN31532503,isolate,4,4,1.0,PI 357093,True,1,5.0,ILLUMINA
SAMN44603585,isolate,1,1,1.0,Ames 13505,True,1,5.0,COMPLETE_GENOMICS
SAMN44603395,isolate,1,1,1.0,Ames 13505,True,1,5.0,COMPLETE_GENOMICS
SAMN31532283,isolate,3,3,2.0,Ames 13507;PI 520623,True,1,5.0,ILLUMINA
SAMN14255841,cultivar,H5,H5,1.0,PI 698952,True,1,5.0,ILLUMINA
SAMN31532381,isolate,3,3,2.0,Ames 13507;PI 520623,True,1,5.0,ILLUMINA
